<code_scheme name="Ved Copy" version="173">
  <HTMLCodeStyleSettings>
    <option name="HTML_UNIFORM_INDENT" value="true" />
    <option name="HTML_ATTRIBUTE_WRAP" value="4" />
    <option name="HTML_ALIGN_TEXT" value="true" />
    <option name="HTML_DO_NOT_INDENT_CHILDREN_OF" value="html,body" />
    <option name="HTML_INLINE_ELEMENTS" value="" />
    <option name="HTML_ENFORCE_QUOTES" value="true" />
  </HTMLCodeStyleSettings>
  <JSCodeStyleSettings version="0">
    <option name="USE_SEMICOLON_AFTER_STATEMENT" value="false" />
    <option name="FORCE_SEMICOLON_STYLE" value="true" />
    <option name="SPACE_BEFORE_GENERATOR_MULT" value="true" />
    <option name="SPACE_BEFORE_FUNCTION_LEFT_PARENTH" value="false" />
    <option name="FORCE_QUOTE_STYlE" value="true" />
    <option name="ENFORCE_TRAILING_COMMA" value="WhenMultiline" />
    <option name="IMPORTS_WRAP" value="2" />
    <option name="SPACES_WITHIN_OBJECT_LITERAL_BRACES" value="true" />
    <option name="SPACES_WITHIN_IMPORTS" value="true" />
    <option name="ALIGN_IMPORTS" value="true" />
    <option name="USE_CHAINED_CALLS_GROUP_INDENTS" value="true" />
    <option name="IMPORT_SORT_MODULE_NAME" value="true" />
  </JSCodeStyleSettings>
  <JSON>
    <option name="KEEP_TRAILING_COMMA" value="true" />
    <option name="PROPERTY_ALIGNMENT" value="1" />
  </JSON>
  <PHPCodeStyleSettings>
    <option name="ALIGN_KEY_VALUE_PAIRS" value="true" />
    <option name="ALIGN_PHPDOC_PARAM_NAMES" value="true" />
    <option name="ALIGN_PHPDOC_COMMENTS" value="true" />
    <option name="ALIGN_INLINE_COMMENTS" value="true" />
    <option name="CONCAT_SPACES" value="false" />
    <option name="COMMA_AFTER_LAST_ARRAY_ELEMENT" value="true" />
    <option name="PHPDOC_BLANK_LINES_AROUND_PARAMETERS" value="true" />
    <option name="PHPDOC_WRAP_LONG_LINES" value="true" />
    <option name="LOWER_CASE_BOOLEAN_CONST" value="true" />
    <option name="LOWER_CASE_NULL_CONST" value="true" />
    <option name="ELSE_IF_STYLE" value="SEPARATE" />
    <option name="FIELDS_DEFAULT_VISIBILITY" value="protected" />
    <option name="VARIABLE_NAMING_STYLE" value="CAMEL_CASE" />
    <option name="BLANK_LINES_BEFORE_RETURN_STATEMENT" value="1" />
    <option name="KEEP_RPAREN_AND_LBRACE_ON_ONE_LINE" value="true" />
    <option name="ALIGN_CLASS_CONSTANTS" value="true" />
    <option name="FORCE_SHORT_DECLARATION_ARRAY_STYLE" value="true" />
  </PHPCodeStyleSettings>
  <TypeScriptCodeStyleSettings version="0">
    <option name="USE_SEMICOLON_AFTER_STATEMENT" value="false" />
    <option name="FORCE_SEMICOLON_STYLE" value="true" />
    <option name="FORCE_QUOTE_STYlE" value="true" />
    <option name="ENFORCE_TRAILING_COMMA" value="WhenMultiline" />
    <option name="IMPORTS_WRAP" value="2" />
    <option name="SPACES_WITHIN_OBJECT_LITERAL_BRACES" value="true" />
    <option name="SPACES_WITHIN_IMPORTS" value="true" />
    <option name="ALIGN_IMPORTS" value="true" />
    <option name="IMPORT_SORT_MODULE_NAME" value="true" />
  </TypeScriptCodeStyleSettings>
  <VueCodeStyleSettings>
    <option name="INDENT_CHILDREN_OF_TOP_LEVEL" value="template, script, style" />
  </VueCodeStyleSettings>
  <editorconfig>
    <option name="ENABLED" value="false" />
  </editorconfig>
  <codeStyleSettings language="HTML">
    <option name="RIGHT_MARGIN" value="400" />
    <option name="SOFT_MARGINS" value="400" />
    <indentOptions>
      <option name="KEEP_INDENTS_ON_EMPTY_LINES" value="true" />
    </indentOptions>
    <arrangement>
      <rules>
        <section>
          <rule>
            <match>
              <XML_ATTRIBUTE />
            </match>
          </rule>
        </section>
      </rules>
    </arrangement>
  </codeStyleSettings>
  <codeStyleSettings language="JSON">
    <option name="RIGHT_MARGIN" value="500" />
    <option name="KEEP_LINE_BREAKS" value="false" />
    <option name="WRAP_ON_TYPING" value="0" />
  </codeStyleSettings>
  <codeStyleSettings language="JavaScript">
    <option name="KEEP_BLANK_LINES_IN_CODE" value="1" />
    <option name="ALIGN_MULTILINE_CHAINED_METHODS" value="true" />
    <option name="CALL_PARAMETERS_WRAP" value="1" />
    <option name="METHOD_PARAMETERS_WRAP" value="1" />
    <option name="METHOD_PARAMETERS_LPAREN_ON_NEXT_LINE" value="true" />
    <option name="METHOD_CALL_CHAIN_WRAP" value="1" />
    <option name="BINARY_OPERATION_WRAP" value="1" />
    <option name="TERNARY_OPERATION_WRAP" value="5" />
    <option name="TERNARY_OPERATION_SIGNS_ON_NEXT_LINE" value="true" />
    <option name="KEEP_SIMPLE_BLOCKS_IN_ONE_LINE" value="true" />
    <option name="KEEP_SIMPLE_METHODS_IN_ONE_LINE" value="true" />
    <option name="ARRAY_INITIALIZER_WRAP" value="5" />
    <option name="ARRAY_INITIALIZER_LBRACE_ON_NEXT_LINE" value="true" />
  </codeStyleSettings>
  <codeStyleSettings language="Markdown">
    <option name="WRAP_ON_TYPING" value="1" />
  </codeStyleSettings>
  <codeStyleSettings language="PHP">
    <option name="KEEP_FIRST_COLUMN_COMMENT" value="false" />
    <option name="BLANK_LINES_AFTER_PACKAGE" value="1" />
    <option name="BLANK_LINES_BEFORE_IMPORTS" value="0" />
    <option name="ALIGN_MULTILINE_PARAMETERS" value="false" />
    <option name="ALIGN_MULTILINE_BINARY_OPERATION" value="true" />
    <option name="ALIGN_MULTILINE_TERNARY_OPERATION" value="true" />
    <option name="ALIGN_MULTILINE_EXTENDS_LIST" value="true" />
    <option name="ALIGN_MULTILINE_ARRAY_INITIALIZER_EXPRESSION" value="true" />
    <option name="ALIGN_GROUP_FIELD_DECLARATIONS" value="true" />
    <option name="SPACE_WITHIN_IF_PARENTHESES" value="true" />
    <option name="SPACE_AFTER_TYPE_CAST" value="true" />
    <option name="EXTENDS_LIST_WRAP" value="1" />
    <option name="EXTENDS_KEYWORD_WRAP" value="1" />
    <option name="METHOD_CALL_CHAIN_WRAP" value="5" />
    <option name="TERNARY_OPERATION_WRAP" value="1" />
    <option name="TERNARY_OPERATION_SIGNS_ON_NEXT_LINE" value="true" />
    <option name="KEEP_SIMPLE_METHODS_IN_ONE_LINE" value="true" />
    <option name="KEEP_SIMPLE_CLASSES_IN_ONE_LINE" value="true" />
    <option name="ARRAY_INITIALIZER_WRAP" value="5" />
    <option name="IF_BRACE_FORCE" value="3" />
    <option name="DOWHILE_BRACE_FORCE" value="3" />
    <option name="WHILE_BRACE_FORCE" value="3" />
    <option name="FOR_BRACE_FORCE" value="3" />
    <option name="WRAP_ON_TYPING" value="0" />
    <arrangement>
      <groups>
        <group>
          <type>GETTERS_AND_SETTERS</type>
          <order>KEEP</order>
        </group>
        <group>
          <type>OVERRIDDEN_METHODS</type>
          <order>BY_NAME</order>
        </group>
      </groups>
    </arrangement>
  </codeStyleSettings>
  <codeStyleSettings language="SASS">
    <indentOptions>
      <option name="INDENT_SIZE" value="4" />
    </indentOptions>
  </codeStyleSettings>
  <codeStyleSettings language="SCSS">
    <indentOptions>
      <option name="INDENT_SIZE" value="4" />
      <option name="CONTINUATION_INDENT_SIZE" value="4" />
    </indentOptions>
  </codeStyleSettings>
  <codeStyleSettings language="Vue">
    <indentOptions>
      <option name="INDENT_SIZE" value="4" />
      <option name="TAB_SIZE" value="4" />
    </indentOptions>
  </codeStyleSettings>
</code_scheme>