<application>
  <component name="FileTypeManager" version="18">
    <extensionMap>
      <mapping pattern="HasMedia" type="AUTO_DETECTED" />
      <mapping pattern="Datatable" type="AUTO_DETECTED" />
      <mapping pattern="statistics" type="AUTO_DETECTED" />
      <mapping pattern="php-cs-fixer" type="AUTO_DETECTED" />
      <mapping pattern="JobApplyDataTrait.php" type="AUTO_DETECTED" />
      <mapping pattern="RecommendCandidateDataTrait" type="AUTO_DETECTED" />
      <mapping pattern="AgentCompanyDoc" type="AUTO_DETECTED" />
      <mapping pattern="TableName" type="AUTO_DETECTED" />
      <mapping pattern="AgentCompanyDocument" type="AUTO_DETECTED" />
      <mapping pattern="mysql-dump" type="AUTO_DETECTED" />
      <mapping pattern="sampleRepository" type="AUTO_DETECTED" />
      <mapping pattern="job-match" type="AUTO_DETECTED" />
      <mapping ext="sqlite" type="Native" />
      <mapping pattern="ClientCreateRequest" type="PLAIN_TEXT" />
      <mapping pattern=".php-md-rules.xml " type="PLAIN_TEXT" />
      <mapping pattern=".gitkeep" type="PLAIN_TEXT" />
      <mapping pattern=".php_cs" type="PLAIN_TEXT" />
      <mapping pattern=".phpstan.neon" type="PLAIN_TEXT" />
      <mapping ext="com" type="PLAIN_TEXT" />
      <mapping ext="dist" type="PLAIN_TEXT" />
      <mapping ext="dump" type="PLAIN_TEXT" />
    </extensionMap>
  </component>
</application>