<application>
  <component name="PhpInterpreters">
    <interpreters>
      <interpreter id="e06bd2d7-46a1-4797-a2da-fa93a6f27e69" name="PHP 7.4" home="/usr/bin/php" debugger_id="php.debugger.XDebug" />
      <interpreter id="cb4394ea-1166-41e9-a72d-4df35b115602" name="PHP 8.0" home="/usr/bin/php" debugger_id="php.debugger.XDebug" />
    </interpreters>
  </component>
  <component name="PhpInterpretersPhpInfoCache">
    <phpInfoCache>
      <interpreter name="PHP 7.4">
        <phpinfo binary_type="PHP" php_cli="/usr/bin/php8.0" path_separator=":" version="8.0.2">
          <additional_php_ini>/etc/php/8.0/cli/conf.d/10-mysqlnd.ini, /etc/php/8.0/cli/conf.d/10-opcache.ini, /etc/php/8.0/cli/conf.d/10-pdo.ini, /etc/php/8.0/cli/conf.d/15-xml.ini, /etc/php/8.0/cli/conf.d/20-bcmath.ini, /etc/php/8.0/cli/conf.d/20-bz2.ini, /etc/php/8.0/cli/conf.d/20-calendar.ini, /etc/php/8.0/cli/conf.d/20-ctype.ini, /etc/php/8.0/cli/conf.d/20-curl.ini, /etc/php/8.0/cli/conf.d/20-dom.ini, /etc/php/8.0/cli/conf.d/20-exif.ini, /etc/php/8.0/cli/conf.d/20-ffi.ini, /etc/php/8.0/cli/conf.d/20-fileinfo.ini, /etc/php/8.0/cli/conf.d/20-ftp.ini, /etc/php/8.0/cli/conf.d/20-gd.ini, /etc/php/8.0/cli/conf.d/20-gettext.ini, /etc/php/8.0/cli/conf.d/20-iconv.ini, /etc/php/8.0/cli/conf.d/20-igbinary.ini, /etc/php/8.0/cli/conf.d/20-imap.ini, /etc/php/8.0/cli/conf.d/20-mbstring.ini, /etc/php/8.0/cli/conf.d/20-mcrypt.ini, /etc/php/8.0/cli/conf.d/20-msgpack.ini, /etc/php/8.0/cli/conf.d/20-mysqli.ini, /etc/php/8.0/cli/conf.d/20-pdo_mysql.ini, /etc/php/8.0/cli/conf.d/20-pdo_pgsql.ini, /etc/php/8.0/cli/conf.d/20-pdo_sqlite.ini, /etc/php/8.0/cli/conf.d/20-pgsql.ini, /etc/php/8.0/cli/conf.d/20-phar.ini, /etc/php/8.0/cli/conf.d/20-posix.ini, /etc/php/8.0/cli/conf.d/20-readline.ini, /etc/php/8.0/cli/conf.d/20-shmop.ini, /etc/php/8.0/cli/conf.d/20-simplexml.ini, /etc/php/8.0/cli/conf.d/20-sockets.ini, /etc/php/8.0/cli/conf.d/20-sqlite3.ini, /etc/php/8.0/cli/conf.d/20-sysvmsg.ini, /etc/php/8.0/cli/conf.d/20-sysvsem.ini, /etc/php/8.0/cli/conf.d/20-sysvshm.ini, /etc/php/8.0/cli/conf.d/20-tokenizer.ini, /etc/php/8.0/cli/conf.d/20-xmlreader.ini, /etc/php/8.0/cli/conf.d/20-xmlwriter.ini, /etc/php/8.0/cli/conf.d/20-xsl.ini, /etc/php/8.0/cli/conf.d/20-zip.ini, /etc/php/8.0/cli/conf.d/25-memcached.ini</additional_php_ini>
          <configuration_file>/etc/php/8.0/cli/php.ini</configuration_file>
          <configuration_options>
            <configuration_option name="include_path" value=".:/usr/share/php" />
          </configuration_options>
          <debuggers />
          <loaded_extensions>
            <extension name="Core" />
            <extension name="FFI" />
            <extension name="PDO" />
            <extension name="Phar" />
            <extension name="Reflection" />
            <extension name="SPL" />
            <extension name="SimpleXML" />
            <extension name="Zend OPcache" />
            <extension name="bcmath" />
            <extension name="bz2" />
            <extension name="calendar" />
            <extension name="ctype" />
            <extension name="curl" />
            <extension name="date" />
            <extension name="dom" />
            <extension name="exif" />
            <extension name="fileinfo" />
            <extension name="filter" />
            <extension name="ftp" />
            <extension name="gd" />
            <extension name="gettext" />
            <extension name="hash" />
            <extension name="iconv" />
            <extension name="igbinary" />
            <extension name="imap" />
            <extension name="json" />
            <extension name="libxml" />
            <extension name="mbstring" />
            <extension name="mcrypt" />
            <extension name="memcached" />
            <extension name="msgpack" />
            <extension name="mysqli" />
            <extension name="mysqlnd" />
            <extension name="openssl" />
            <extension name="pcntl" />
            <extension name="pcre" />
            <extension name="pdo_mysql" />
            <extension name="pdo_pgsql" />
            <extension name="pdo_sqlite" />
            <extension name="pgsql" />
            <extension name="posix" />
            <extension name="readline" />
            <extension name="session" />
            <extension name="shmop" />
            <extension name="sockets" />
            <extension name="sodium" />
            <extension name="sqlite3" />
            <extension name="standard" />
            <extension name="sysvmsg" />
            <extension name="sysvsem" />
            <extension name="sysvshm" />
            <extension name="tokenizer" />
            <extension name="xml" />
            <extension name="xmlreader" />
            <extension name="xmlwriter" />
            <extension name="xsl" />
            <extension name="zip" />
            <extension name="zlib" />
          </loaded_extensions>
        </phpinfo>
      </interpreter>
      <interpreter name="PHP 8.0">
        <phpinfo binary_type="PHP" php_cli="/usr/bin/php8.0" path_separator=":" version="8.0.2">
          <additional_php_ini>/etc/php/8.0/cli/conf.d/10-mysqlnd.ini, /etc/php/8.0/cli/conf.d/10-opcache.ini, /etc/php/8.0/cli/conf.d/10-pdo.ini, /etc/php/8.0/cli/conf.d/15-xml.ini, /etc/php/8.0/cli/conf.d/20-bcmath.ini, /etc/php/8.0/cli/conf.d/20-bz2.ini, /etc/php/8.0/cli/conf.d/20-calendar.ini, /etc/php/8.0/cli/conf.d/20-ctype.ini, /etc/php/8.0/cli/conf.d/20-curl.ini, /etc/php/8.0/cli/conf.d/20-dom.ini, /etc/php/8.0/cli/conf.d/20-exif.ini, /etc/php/8.0/cli/conf.d/20-ffi.ini, /etc/php/8.0/cli/conf.d/20-fileinfo.ini, /etc/php/8.0/cli/conf.d/20-ftp.ini, /etc/php/8.0/cli/conf.d/20-gd.ini, /etc/php/8.0/cli/conf.d/20-gettext.ini, /etc/php/8.0/cli/conf.d/20-iconv.ini, /etc/php/8.0/cli/conf.d/20-igbinary.ini, /etc/php/8.0/cli/conf.d/20-imap.ini, /etc/php/8.0/cli/conf.d/20-mbstring.ini, /etc/php/8.0/cli/conf.d/20-mcrypt.ini, /etc/php/8.0/cli/conf.d/20-msgpack.ini, /etc/php/8.0/cli/conf.d/20-mysqli.ini, /etc/php/8.0/cli/conf.d/20-pdo_mysql.ini, /etc/php/8.0/cli/conf.d/20-pdo_pgsql.ini, /etc/php/8.0/cli/conf.d/20-pdo_sqlite.ini, /etc/php/8.0/cli/conf.d/20-pgsql.ini, /etc/php/8.0/cli/conf.d/20-phar.ini, /etc/php/8.0/cli/conf.d/20-posix.ini, /etc/php/8.0/cli/conf.d/20-readline.ini, /etc/php/8.0/cli/conf.d/20-shmop.ini, /etc/php/8.0/cli/conf.d/20-simplexml.ini, /etc/php/8.0/cli/conf.d/20-sockets.ini, /etc/php/8.0/cli/conf.d/20-sqlite3.ini, /etc/php/8.0/cli/conf.d/20-sysvmsg.ini, /etc/php/8.0/cli/conf.d/20-sysvsem.ini, /etc/php/8.0/cli/conf.d/20-sysvshm.ini, /etc/php/8.0/cli/conf.d/20-tokenizer.ini, /etc/php/8.0/cli/conf.d/20-xmlreader.ini, /etc/php/8.0/cli/conf.d/20-xmlwriter.ini, /etc/php/8.0/cli/conf.d/20-xsl.ini, /etc/php/8.0/cli/conf.d/20-zip.ini, /etc/php/8.0/cli/conf.d/25-memcached.ini</additional_php_ini>
          <configuration_file>/etc/php/8.0/cli/php.ini</configuration_file>
          <configuration_options>
            <configuration_option name="include_path" value=".:/usr/share/php" />
          </configuration_options>
          <debuggers />
          <loaded_extensions>
            <extension name="Core" />
            <extension name="FFI" />
            <extension name="PDO" />
            <extension name="Phar" />
            <extension name="Reflection" />
            <extension name="SPL" />
            <extension name="SimpleXML" />
            <extension name="Zend OPcache" />
            <extension name="bcmath" />
            <extension name="bz2" />
            <extension name="calendar" />
            <extension name="ctype" />
            <extension name="curl" />
            <extension name="date" />
            <extension name="dom" />
            <extension name="exif" />
            <extension name="fileinfo" />
            <extension name="filter" />
            <extension name="ftp" />
            <extension name="gd" />
            <extension name="gettext" />
            <extension name="hash" />
            <extension name="iconv" />
            <extension name="igbinary" />
            <extension name="imap" />
            <extension name="json" />
            <extension name="libxml" />
            <extension name="mbstring" />
            <extension name="mcrypt" />
            <extension name="memcached" />
            <extension name="msgpack" />
            <extension name="mysqli" />
            <extension name="mysqlnd" />
            <extension name="openssl" />
            <extension name="pcntl" />
            <extension name="pcre" />
            <extension name="pdo_mysql" />
            <extension name="pdo_pgsql" />
            <extension name="pdo_sqlite" />
            <extension name="pgsql" />
            <extension name="posix" />
            <extension name="readline" />
            <extension name="session" />
            <extension name="shmop" />
            <extension name="sockets" />
            <extension name="sodium" />
            <extension name="sqlite3" />
            <extension name="standard" />
            <extension name="sysvmsg" />
            <extension name="sysvsem" />
            <extension name="sysvshm" />
            <extension name="tokenizer" />
            <extension name="xml" />
            <extension name="xmlreader" />
            <extension name="xmlwriter" />
            <extension name="xsl" />
            <extension name="zip" />
            <extension name="zlib" />
          </loaded_extensions>
        </phpinfo>
      </interpreter>
    </phpInfoCache>
  </component>
</application>