<application>
  <component name="WebServers">
    <option name="servers">
      <webServer id="dec7ea15-ae6a-4db7-b48d-5effddd34832" name="jobsnepal" url="http://jobsnepal.test">
        <fileTransfer mountedRoot="/media/ellite/c4fe0452-ea69-4a2b-8a1f-7fdc3fc53744/Practise" accessType="MOUNT" port="0" />
      </webServer>
      <webServer id="cf77aa8a-75f6-4002-b033-57f6e7b1077d" name="tailwindComponent" url="http://tailwindcomponent.test">
        <fileTransfer accessType="LOCAL" port="0" />
      </webServer>
    </option>
  </component>
</application>